latitude,longitude,accuracy,Date,Time
-27.71781236,-51.09889511,24,23-10-2008,02:53:04
-27.71781822,-51.09884031,12,23-10-2008,02:53:10
-27.71783178,-51.09887129,4,23-10-2008,02:53:15
-27.71783268,-51.09886714,4,23-10-2008,02:53:20
-27.71783451,-51.09887258,4,23-10-2008,02:53:25
-27.71783253,-51.09887348,4,23-10-2008,02:53:30
-27.71783212,-51.09887324,4,23-10-2008,02:53:35
-27.71783593,-51.09887594,4,23-10-2008,02:53:40
-27.71783852,-51.09887823,4,23-10-2008,02:53:45
-27.71783877,-51.0988795,4,23-10-2008,02:53:50
-27.71783995,-51.0988767,4,23-10-2008,02:53:55
-27.71784016,-51.09887666,4,23-10-2008,02:54:00
-27.71784005,-51.09887629,4,23-10-2008,02:54:05
-27.71783921,-51.0988728,4,23-10-2008,02:54:10
-27.71783981,-51.09887445,4,23-10-2008,02:54:15
-27.71784034,-51.09887182,4,23-10-2008,02:54:20
-27.71784081,-51.09887078,4,23-10-2008,02:54:25
-27.71784066,-51.09886943,4,23-10-2008,02:54:30
-27.71784116,-51.09886629,4,23-10-2008,02:54:35
-27.71784124,-51.09886622,4,23-10-2008,02:54:40
-27.71784254,-51.09886492,4,23-10-2008,02:54:45
-27.71784245,-51.09886502,4,23-10-2008,02:54:50
-27.71784342,-51.09886471,4,23-10-2008,02:54:55
-27.7178431,-51.09886508,4,23-10-2008,02:55:00
-27.71784344,-51.09886482,4,23-10-2008,02:55:05
-27.7178437,-51.09886451,4,23-10-2008,02:55:10
-27.71784392,-51.09886464,4,23-10-2008,02:55:15
-27.71784389,-51.09886486,4,23-10-2008,02:55:20
-27.71784387,-51.09886456,4,23-10-2008,02:55:25
-27.71784396,-51.09886501,4,23-10-2008,02:55:30
-27.71784416,-51.0988638,4,23-10-2008,02:55:35
-27.71784455,-51.09886256,4,23-10-2008,02:55:40
-27.71784453,-51.09886188,4,23-10-2008,02:55:45
-27.71784457,-51.09886172,4,23-10-2008,02:55:50
-27.71784442,-51.09886177,4,23-10-2008,02:55:55
-27.71784445,-51.09886113,4,23-10-2008,02:56:00
-27.71784425,-51.09886074,4,23-10-2008,02:56:05
-27.71784416,-51.09886012,4,23-10-2008,02:56:10
-27.71784413,-51.09886048,4,23-10-2008,02:56:15
-27.71784412,-51.09886076,4,23-10-2008,02:56:20
-27.71784402,-51.09886067,4,23-10-2008,02:56:25
-27.71784386,-51.09886066,4,23-10-2008,02:56:30
-27.71784322,-51.09886048,4,23-10-2008,02:56:35
-27.71784297,-51.09886084,4,23-10-2008,02:56:40
-27.71784301,-51.09886124,4,23-10-2008,02:56:45
-27.7178429,-51.09886154,4,23-10-2008,02:56:50
-27.71784246,-51.09886257,4,23-10-2008,02:56:55
-27.71784226,-51.09886268,4,23-10-2008,02:57:00
-27.71784208,-51.09886262,4,23-10-2008,02:57:05
-27.71784182,-51.09886308,4,23-10-2008,02:57:10
-27.7178414,-51.09886349,4,23-10-2008,02:57:15
-27.71784107,-51.09886348,4,23-10-2008,02:57:20
-27.71784082,-51.09886398,4,23-10-2008,02:57:25
-27.7178407,-51.09886406,4,23-10-2008,02:57:30
-27.71784117,-51.09886396,4,23-10-2008,02:57:35
-27.71784136,-51.09886403,4,23-10-2008,02:57:40
-27.71784158,-51.09886392,4,23-10-2008,02:57:45
-27.71784189,-51.09886401,4,23-10-2008,02:57:50
-27.71784191,-51.09886407,4,23-10-2008,02:57:55
-27.71784209,-51.09886393,4,23-10-2008,02:58:00
-27.71784194,-51.09886412,4,23-10-2008,02:58:05
-27.71784204,-51.09886415,4,23-10-2008,02:58:10
-27.717842,-51.09886428,4,23-10-2008,02:58:15
-27.71784189,-51.09886459,4,23-10-2008,02:58:20
-27.71784147,-51.09886453,4,23-10-2008,02:58:25
-27.71784143,-51.0988647,4,23-10-2008,02:58:30
-27.71784124,-51.0988647,4,23-10-2008,02:58:35
-27.71784123,-51.0988651,4,23-10-2008,02:58:40
-27.71784141,-51.098865,4,23-10-2008,02:58:45
-27.71784143,-51.09886483,4,23-10-2008,02:58:50
-27.71784119,-51.09886503,4,23-10-2008,02:58:55
-27.71784118,-51.09886507,4,23-10-2008,02:59:00
-27.71784125,-51.09886498,4,23-10-2008,02:59:05
-27.71784122,-51.09886504,4,23-10-2008,02:59:10
-27.71784125,-51.09886514,4,23-10-2008,02:59:15
-27.71784096,-51.09886534,4,23-10-2008,02:59:20
-27.71784102,-51.09886489,4,23-10-2008,02:59:25
-27.71784105,-51.09886486,4,23-10-2008,02:59:30
-27.71784098,-51.09886513,4,23-10-2008,02:59:35
-27.71784097,-51.09886544,4,23-10-2008,02:59:40
-27.71784094,-51.09886564,4,23-10-2008,02:59:45
-27.71784098,-51.09886572,4,23-10-2008,02:59:50
-27.71784083,-51.09886589,4,23-10-2008,02:59:55
-27.7178408,-51.09886582,4,23-10-2008,03:00:00
-27.71784077,-51.09886578,4,23-10-2008,03:00:05
-27.7178408,-51.09886564,4,23-10-2008,03:00:10
-27.71784067,-51.09886585,4,23-10-2008,03:00:15
-27.7178404,-51.09886586,4,23-10-2008,03:00:20
-27.71784017,-51.09886571,4,23-10-2008,03:00:25
-27.71784002,-51.09886556,4,23-10-2008,03:00:30
-27.71783985,-51.09886511,4,23-10-2008,03:00:35
-27.71783997,-51.09886489,4,23-10-2008,03:00:40
-27.71784002,-51.09886459,4,23-10-2008,03:00:45
-27.71784,-51.09886451,4,23-10-2008,03:00:50
-27.71784004,-51.09886427,4,23-10-2008,03:00:55
-27.71783997,-51.09886411,4,23-10-2008,03:01:00
-27.71784004,-51.09886384,4,23-10-2008,03:01:05
-27.71784002,-51.09886354,4,23-10-2008,03:01:10
-27.71784003,-51.09886337,4,23-10-2008,03:01:15
-27.71783992,-51.09886333,4,23-10-2008,03:01:20
-27.71783985,-51.09886312,4,23-10-2008,03:01:25
-27.71783995,-51.09886301,4,23-10-2008,03:01:30
-27.71783994,-51.09886295,4,23-10-2008,03:01:35
-27.71783993,-51.09886269,4,23-10-2008,03:01:40
-27.71783978,-51.09886253,4,23-10-2008,03:01:45
-27.7178398,-51.09886265,4,23-10-2008,03:01:50
-27.71783986,-51.09886292,4,23-10-2008,03:01:55
-27.71783989,-51.09886296,4,23-10-2008,03:02:00
-27.71783984,-51.09886313,4,23-10-2008,03:02:05
-27.71784007,-51.09886324,4,23-10-2008,03:02:10
-27.71783998,-51.09886327,4,23-10-2008,03:02:15
-27.71783995,-51.09886312,4,23-10-2008,03:02:20
-27.71783991,-51.09886319,4,23-10-2008,03:02:25
-27.71783982,-51.09886312,4,23-10-2008,03:02:30
-27.71783992,-51.09886317,4,23-10-2008,03:02:35
-27.71783994,-51.0988635,4,23-10-2008,03:02:40
-27.71783978,-51.09886348,4,23-10-2008,03:02:45
-27.71783963,-51.09886374,4,23-10-2008,03:02:50
-27.71783975,-51.0988638,4,23-10-2008,03:02:55
-27.71783973,-51.09886385,4,23-10-2008,03:03:00
-27.71783986,-51.09886394,4,23-10-2008,03:03:05
-27.71783999,-51.09886403,4,23-10-2008,03:03:10
-27.71783997,-51.09886412,4,23-10-2008,03:03:15
-27.71783991,-51.09886404,4,23-10-2008,03:03:20
-27.71783997,-51.09886409,4,23-10-2008,03:03:25
-27.71784011,-51.09886419,4,23-10-2008,03:03:30
-27.71784021,-51.09886429,4,23-10-2008,03:03:35
-27.71784016,-51.09886414,4,23-10-2008,03:03:40
-27.71784026,-51.09886418,4,23-10-2008,03:03:45
-27.71784022,-51.0988644,4,23-10-2008,03:03:50
-27.71784027,-51.09886452,4,23-10-2008,03:03:55
-27.7178403,-51.0988646,4,23-10-2008,03:04:00
-27.71784029,-51.09886499,4,23-10-2008,03:04:03
-27.71784043,-51.0988651,4,23-10-2008,03:04:05
-27.71784053,-51.09886531,4,23-10-2008,03:04:10
-27.71784073,-51.09886511,4,23-10-2008,03:04:15
-27.71784078,-51.0988651,4,23-10-2008,03:04:20
-27.717841,-51.09886519,4,23-10-2008,03:04:25
-27.71784113,-51.09886527,4,23-10-2008,03:04:30
-27.71784124,-51.09886525,4,23-10-2008,03:04:35
-27.71784168,-51.0988657,4,23-10-2008,03:04:40
-27.71784163,-51.09886581,4,23-10-2008,03:04:45
-27.7178417,-51.09886576,4,23-10-2008,03:04:50
-27.71784174,-51.09886591,4,23-10-2008,03:04:55
-27.71784171,-51.09886587,4,23-10-2008,03:05:00
-27.71784174,-51.09886587,4,23-10-2008,03:05:05
-27.71784176,-51.09886595,4,23-10-2008,03:05:10
-27.71784169,-51.0988661,4,23-10-2008,03:05:15
-27.7178416,-51.0988661,4,23-10-2008,04:08:07
-27.71784176,-51.09886589,4,23-10-2008,04:08:12
-27.71784169,-51.09886591,4,23-10-2008,04:08:42
-27.71784157,-51.09886587,4,23-10-2008,04:08:47
-27.71784152,-51.09886576,4,23-10-2008,04:08:52
-27.71784158,-51.09886577,4,23-10-2008,04:08:57
-27.71783976,-51.09887167,4,23-10-2008,04:09:02
-27.71783542,-51.09888299,4,23-10-2008,04:09:07
-27.71781048,-51.09891941,4,23-10-2008,04:09:12
-27.71778717,-51.09894709,4,23-10-2008,04:09:17
-27.71775481,-51.09898489,4,23-10-2008,04:09:22
-27.71768285,-51.0990671,4,23-10-2008,04:09:27
-27.71764421,-51.09911266,4,23-10-2008,04:09:32
-27.71752084,-51.09926333,4,23-10-2008,04:09:37
-27.71744681,-51.09935054,4,23-10-2008,04:09:42
-27.71729595,-51.09952053,4,23-10-2008,04:09:45
-27.71721721,-51.09960889,4,23-10-2008,04:09:47
-27.71713703,-51.09969959,4,23-10-2008,04:09:52
-27.7170533,-51.09979334,4,23-10-2008,04:09:57
-27.71677592,-51.10010286,4,23-10-2008,04:10:02
-27.71667274,-51.10021514,4,23-10-2008,04:10:07
-27.71656337,-51.10032975,4,23-10-2008,04:10:12
-27.71645171,-51.10044298,4,23-10-2008,04:10:15
-27.71588207,-51.10097978,6,23-10-2008,04:10:17
-27.71575891,-51.10109038,4,23-10-2008,04:10:22
-27.71563245,-51.10120233,4,23-10-2008,04:10:27
-27.71550326,-51.10131732,4,23-10-2008,04:10:32
-27.71537213,-51.1014336,4,23-10-2008,04:10:37
-27.71523941,-51.10155184,4,23-10-2008,04:10:42
-27.71510465,-51.10167084,4,23-10-2008,04:10:47
-27.71496842,-51.10179128,4,23-10-2008,04:10:52
-27.71483024,-51.10191298,4,23-10-2008,04:10:57
-27.71469109,-51.10203716,4,23-10-2008,04:11:02
-27.71455358,-51.10216071,4,23-10-2008,04:11:07
-27.71441952,-51.10228273,4,23-10-2008,04:11:12
-27.71428881,-51.10240592,4,23-10-2008,04:11:17
-27.71415859,-51.10253365,4,23-10-2008,04:11:22
-27.7140284,-51.10266738,4,23-10-2008,04:11:27
-27.71389895,-51.10280826,4,23-10-2008,04:11:32
-27.71377134,-51.10295686,4,23-10-2008,04:11:37
-27.71364535,-51.10311354,4,23-10-2008,04:11:42
-27.71352274,-51.1032769,4,23-10-2008,04:11:47
-27.71340296,-51.10344696,4,23-10-2008,04:11:52
-27.71327735,-51.10361517,6,23-10-2008,04:11:57
-27.71316009,-51.10378901,6,23-10-2008,04:12:02
-27.71303861,-51.10396363,4,23-10-2008,04:12:07
-27.71291464,-51.10414646,4,23-10-2008,04:12:12
-27.71279218,-51.10432875,4,23-10-2008,04:12:17
-27.71267033,-51.10451367,4,23-10-2008,04:12:22
-27.71254735,-51.10469988,4,23-10-2008,04:12:27
-27.71242319,-51.10489106,4,23-10-2008,04:12:32
-27.71229537,-51.10508081,4,23-10-2008,04:12:37
-27.71216489,-51.10527259,4,23-10-2008,04:12:42
-27.71203218,-51.10546735,4,23-10-2008,04:12:47
-27.71190045,-51.10566188,4,23-10-2008,04:12:52
-27.71176791,-51.10585751,4,23-10-2008,04:12:57
-27.71163441,-51.10605552,4,23-10-2008,04:13:02
-27.7115005,-51.10625508,4,23-10-2008,04:13:07
-27.71136603,-51.10645469,4,23-10-2008,04:13:12
-27.71123191,-51.10665384,4,23-10-2008,04:13:17
-27.71109963,-51.10684679,4,23-10-2008,04:13:22
-27.71096748,-51.10703592,4,23-10-2008,04:13:27
-27.7108324,-51.10721591,6,23-10-2008,04:13:32
-27.71068858,-51.10739468,6,23-10-2008,04:13:37
-27.71054352,-51.10755532,4,23-10-2008,04:13:42
-27.71039039,-51.10770412,4,23-10-2008,04:13:47
-27.71022767,-51.10784013,4,23-10-2008,04:13:52
-27.71005607,-51.10796566,6,23-10-2008,04:13:57
-27.70987398,-51.10807553,6,23-10-2008,04:14:02
-27.70968845,-51.10817223,4,23-10-2008,04:14:07
-27.70949278,-51.10826393,4,23-10-2008,04:14:12
-27.70928705,-51.10833886,4,23-10-2008,04:14:17
-27.70907828,-51.10839712,4,23-10-2008,04:14:22
-27.70886733,-51.10843901,4,23-10-2008,04:14:27
-27.70865355,-51.10846475,4,23-10-2008,04:14:32
-27.70843873,-51.10848235,4,23-10-2008,04:14:37
-27.70822296,-51.10849404,4,23-10-2008,04:14:42
-27.70800644,-51.10851375,4,23-10-2008,04:14:47
-27.70779158,-51.10854023,4,23-10-2008,04:14:52
-27.70758009,-51.10858146,4,23-10-2008,04:14:57
-27.70737158,-51.10863636,4,23-10-2008,04:15:02
-27.70716401,-51.10869577,4,23-10-2008,04:15:07
-27.70695682,-51.10875496,4,23-10-2008,04:15:12
-27.70675111,-51.10882459,4,23-10-2008,04:15:17
-27.7065467,-51.10888792,4,23-10-2008,04:15:22
-27.70634159,-51.108952,4,23-10-2008,04:15:27
-27.70613576,-51.10901405,4,23-10-2008,04:15:32
-27.70592811,-51.10907637,4,23-10-2008,04:15:37
-27.70572029,-51.1091424,4,23-10-2008,04:15:42
-27.70551387,-51.10920778,4,23-10-2008,04:15:47
-27.70530779,-51.10927327,4,23-10-2008,04:15:52
-27.7051027,-51.10933184,4,23-10-2008,04:15:57
-27.7048964,-51.10937726,4,23-10-2008,04:16:02
-27.70468898,-51.10940143,4,23-10-2008,04:16:07
-27.7044799,-51.1094024,4,23-10-2008,04:16:12
-27.70426318,-51.10939434,6,23-10-2008,04:16:17
-27.70404879,-51.10935355,6,23-10-2008,04:16:22
-27.70383589,-51.10930629,6,23-10-2008,04:16:27
-27.70362394,-51.10926446,6,23-10-2008,04:16:32
-27.7034074,-51.10924387,4,23-10-2008,04:16:37
-27.7031868,-51.10924539,4,23-10-2008,04:16:42
-27.70296238,-51.10926471,4,23-10-2008,04:16:47
-27.70273918,-51.10930189,4,23-10-2008,04:16:52
-27.70251954,-51.1093614,4,23-10-2008,04:16:57
-27.70230445,-51.10944464,4,23-10-2008,04:17:02
-27.70209966,-51.10954614,4,23-10-2008,04:17:07
-27.70190489,-51.1096642,4,23-10-2008,04:17:12
-27.70171385,-51.10978889,6,23-10-2008,04:17:17
-27.70153331,-51.10994099,6,23-10-2008,04:17:22
-27.70136782,-51.11010451,6,23-10-2008,04:17:27
-27.7012038,-51.11029111,4,23-10-2008,04:17:32
-27.70104064,-51.11047582,6,23-10-2008,04:17:37
-27.70086797,-51.11064334,4,23-10-2008,04:17:42
-27.7006878,-51.11079373,4,23-10-2008,04:17:47
-27.70049368,-51.11093032,4,23-10-2008,04:17:52
-27.70028941,-51.11104557,4,23-10-2008,04:17:57
-27.70007805,-51.1111453,4,23-10-2008,04:18:02
-27.69985991,-51.11123002,4,23-10-2008,04:18:07
-27.69963837,-51.11129195,4,23-10-2008,04:18:12
-27.69941633,-51.11133593,4,23-10-2008,04:18:17
-27.6991931,-51.11136159,4,23-10-2008,04:18:22
-27.69896786,-51.11136701,4,23-10-2008,04:18:27
-27.69874229,-51.11135224,4,23-10-2008,04:18:32
-27.69851829,-51.11131756,4,23-10-2008,04:18:37
-27.69829593,-51.111273,4,23-10-2008,04:18:42
-27.69807527,-51.11121942,4,23-10-2008,04:18:47
-27.69785404,-51.11116696,4,23-10-2008,04:18:52
-27.69763054,-51.11110948,6,23-10-2008,04:18:57
-27.69740648,-51.11105313,6,23-10-2008,04:19:02
-27.69718158,-51.11100317,4,23-10-2008,04:19:07
-27.69695661,-51.11096581,4,23-10-2008,04:19:12
-27.69672872,-51.11094532,4,23-10-2008,04:19:17
-27.69649847,-51.1109399,4,23-10-2008,04:19:22
-27.69626847,-51.11095119,4,23-10-2008,04:19:27
-27.69603943,-51.11098156,4,23-10-2008,04:19:32
-27.69581179,-51.11103317,4,23-10-2008,04:19:37
-27.69558422,-51.11109848,4,23-10-2008,04:19:42
-27.69535536,-51.11116948,4,23-10-2008,04:19:47
-27.69512527,-51.11124477,4,23-10-2008,04:19:52
-27.69489402,-51.11132031,4,23-10-2008,04:19:57
-27.69465739,-51.11139964,4,23-10-2008,04:20:02
-27.69442564,-51.11147173,6,23-10-2008,04:20:07
-27.69418905,-51.11154622,6,23-10-2008,04:20:12
-27.693956,-51.11162099,4,23-10-2008,04:20:17
-27.6937282,-51.11169525,4,23-10-2008,04:20:22
-27.69350447,-51.11176875,4,23-10-2008,04:20:27
-27.69328137,-51.11183955,4,23-10-2008,04:20:32
-27.69305778,-51.11191435,4,23-10-2008,04:20:37
-27.69283527,-51.11198692,4,23-10-2008,04:20:42
-27.69261051,-51.11205979,4,23-10-2008,04:20:47
-27.69238482,-51.11213586,4,23-10-2008,04:20:52
-27.69215977,-51.11221173,4,23-10-2008,04:20:57
-27.69193876,-51.11228804,4,23-10-2008,04:21:02
-27.69172415,-51.11237459,4,23-10-2008,04:21:07
-27.69151775,-51.11247845,4,23-10-2008,04:21:12
-27.6913216,-51.11260358,4,23-10-2008,04:21:15
-27.69113625,-51.11275146,4,23-10-2008,04:21:17
-27.6909625,-51.11292201,4,23-10-2008,04:21:22
-27.69080129,-51.11311052,4,23-10-2008,04:21:27
-27.69065075,-51.11331371,4,23-10-2008,04:21:32
-27.69050747,-51.11352852,4,23-10-2008,04:21:37
-27.69036578,-51.11374786,4,23-10-2008,04:21:42
-27.69022484,-51.11396631,4,23-10-2008,04:21:47
-27.69008538,-51.11417901,4,23-10-2008,04:21:52
-27.6899488,-51.11438707,4,23-10-2008,04:21:57
-27.68981708,-51.11458633,4,23-10-2008,04:22:02
-27.68968642,-51.11477388,4,23-10-2008,04:22:07
-27.68955806,-51.11495553,4,23-10-2008,04:22:12
-27.68944036,-51.11514077,4,23-10-2008,04:22:17
-27.68932423,-51.11532254,4,23-10-2008,04:22:22
-27.68921233,-51.115503,4,23-10-2008,04:22:27
-27.68911247,-51.11568774,4,23-10-2008,04:22:32
-27.6890278,-51.11587837,4,23-10-2008,04:22:37
-27.68895915,-51.11607414,4,23-10-2008,04:22:42
-27.68890805,-51.11627046,4,23-10-2008,04:22:47
-27.68886506,-51.11646823,6,23-10-2008,04:22:52
-27.6888478,-51.1166704,4,23-10-2008,04:22:57
-27.68884135,-51.11686967,4,23-10-2008,04:23:02
-27.68884021,-51.11706548,4,23-10-2008,04:23:07
-27.68884024,-51.11726084,4,23-10-2008,04:23:12
-27.68884082,-51.11745156,4,23-10-2008,04:23:17
-27.68883976,-51.11764658,4,23-10-2008,04:23:22
-27.68883821,-51.11783931,4,23-10-2008,04:23:27
-27.68883753,-51.11803138,4,23-10-2008,04:23:32
-27.68883745,-51.11822132,4,23-10-2008,04:23:37
-27.6888368,-51.11840565,4,23-10-2008,04:23:42
-27.6888344,-51.11858296,4,23-10-2008,04:23:47
-27.68883285,-51.11875932,4,23-10-2008,04:23:52
-27.68883019,-51.11893166,4,23-10-2008,04:23:57
-27.68882572,-51.11909625,4,23-10-2008,04:24:02
-27.68882036,-51.11925175,4,23-10-2008,04:24:07
-27.68881102,-51.1194006,4,23-10-2008,04:24:12
-27.6887998,-51.11954416,4,23-10-2008,04:24:17
-27.68878512,-51.11967409,4,23-10-2008,04:24:22
-27.68876829,-51.11978657,4,23-10-2008,04:24:27
-27.6887513,-51.11988029,4,23-10-2008,04:24:32
-27.68873431,-51.1199588,4,23-10-2008,04:24:37
-27.68871959,-51.12001997,4,23-10-2008,04:24:42
-27.68870698,-51.12006616,4,23-10-2008,04:24:47
-27.68869344,-51.12011161,4,23-10-2008,04:24:52
-27.68867969,-51.12016284,4,23-10-2008,04:24:57
-27.68865906,-51.12022429,4,23-10-2008,04:25:02
-27.68863495,-51.1202993,4,23-10-2008,04:25:07
-27.6886243,-51.12036476,4,23-10-2008,04:25:12
-27.68863196,-51.12042042,4,23-10-2008,04:25:17
-27.68865572,-51.12046676,4,23-10-2008,04:25:22
-27.68868322,-51.12051072,4,23-10-2008,04:25:27
-27.6887103,-51.12055182,4,23-10-2008,04:25:32
-27.68873494,-51.12060092,4,23-10-2008,04:25:37
-27.68875306,-51.1206626,4,23-10-2008,04:25:42
-27.68876555,-51.12072838,4,23-10-2008,04:25:47
-27.68877421,-51.12079906,4,23-10-2008,04:25:52
-27.68878341,-51.12086701,4,23-10-2008,04:25:57
-27.68879254,-51.12093577,4,23-10-2008,04:26:02
-27.68880115,-51.12100519,4,23-10-2008,04:26:07
-27.68880877,-51.12107421,4,23-10-2008,04:26:12
-27.68881673,-51.12114365,4,23-10-2008,04:26:17
-27.68882602,-51.12121155,4,23-10-2008,04:26:22
-27.68883696,-51.12127868,4,23-10-2008,04:26:27
-27.68884918,-51.12134275,4,23-10-2008,04:26:32
-27.68886204,-51.12140733,4,23-10-2008,04:26:37
-27.68887431,-51.12147472,4,23-10-2008,04:26:42
-27.68888664,-51.12154545,4,23-10-2008,04:26:47
-27.68890119,-51.1216203,4,23-10-2008,04:26:52
-27.68891806,-51.12170109,4,23-10-2008,04:26:57
-27.68893561,-51.1217824,4,23-10-2008,04:27:02
-27.68895364,-51.1218658,4,23-10-2008,04:27:07
-27.68897093,-51.12195467,4,23-10-2008,04:27:12
-27.68898769,-51.12204762,4,23-10-2008,04:27:17
-27.68900439,-51.12214182,4,23-10-2008,04:27:22
-27.68902182,-51.12223691,6,23-10-2008,04:27:27
-27.68903138,-51.122328,6,23-10-2008,04:27:32
-27.68903599,-51.12242521,4,23-10-2008,04:27:37
-27.68904507,-51.12252027,6,23-10-2008,04:27:42
-27.68905517,-51.1226126,6,23-10-2008,04:27:47
-27.68906812,-51.1226997,4,23-10-2008,04:27:52
-27.68908248,-51.12278725,4,23-10-2008,04:27:57
-27.68909835,-51.12286863,4,23-10-2008,04:28:02
-27.68911666,-51.12295433,4,23-10-2008,04:28:07
-27.68913699,-51.12304114,4,23-10-2008,04:28:12
-27.68915514,-51.12312849,4,23-10-2008,04:28:17
-27.6891733,-51.12321814,4,23-10-2008,04:28:22
-27.68918974,-51.12330904,4,23-10-2008,04:28:27
-27.68920345,-51.12340538,4,23-10-2008,04:28:32
-27.68921765,-51.1235019,4,23-10-2008,04:28:37
-27.68923214,-51.12359656,4,23-10-2008,04:28:42
-27.68924609,-51.12368948,4,23-10-2008,04:28:47
-27.68925979,-51.12377793,4,23-10-2008,04:28:52
-27.68927404,-51.1238626,4,23-10-2008,04:28:57
-27.68928792,-51.12394402,4,23-10-2008,04:29:02
-27.68930167,-51.12402533,4,23-10-2008,04:29:07
-27.68931562,-51.12410824,4,23-10-2008,04:29:12
-27.68932875,-51.12419128,4,23-10-2008,04:29:17
-27.6893412,-51.12427437,4,23-10-2008,04:29:22
-27.68935315,-51.12435256,4,23-10-2008,04:29:27
-27.68936486,-51.12442336,4,23-10-2008,04:29:32
-27.6893763,-51.12448507,4,23-10-2008,04:29:37
-27.68938855,-51.12453715,4,23-10-2008,04:29:42
-27.68940217,-51.12457438,4,23-10-2008,04:29:47
-27.68941852,-51.12459777,4,23-10-2008,04:29:52
-27.68943344,-51.12461111,4,23-10-2008,04:29:57
-27.68945329,-51.12462136,4,23-10-2008,04:30:02
-27.6894872,-51.12462711,4,23-10-2008,04:30:07
-27.68952971,-51.12462026,4,23-10-2008,04:30:12
-27.68958295,-51.12460684,4,23-10-2008,04:30:17
-27.68964841,-51.12458884,4,23-10-2008,04:30:22
-27.68971659,-51.12457036,4,23-10-2008,04:30:27
-27.68978705,-51.12455506,4,23-10-2008,04:30:32
-27.68985579,-51.12454156,4,23-10-2008,04:30:37
-27.68992113,-51.12453004,4,23-10-2008,04:30:42
-27.6899744,-51.12452511,4,23-10-2008,04:30:47
-27.69001737,-51.12452707,4,23-10-2008,04:30:52
-27.69004717,-51.12453339,4,23-10-2008,04:30:57
-27.69006654,-51.12453718,4,23-10-2008,04:31:02
-27.69007666,-51.12454447,4,23-10-2008,04:31:07
-27.69008544,-51.12456258,4,23-10-2008,04:31:12
-27.6900998,-51.12459473,4,23-10-2008,04:31:17
-27.69010952,-51.12464233,4,23-10-2008,04:31:22
-27.69011235,-51.12468785,4,23-10-2008,04:31:27
-27.69011512,-51.12473423,4,23-10-2008,04:31:32
-27.69011694,-51.12479044,4,23-10-2008,04:31:37
-27.69012077,-51.12484376,4,23-10-2008,04:31:42
-27.69013387,-51.12489174,4,23-10-2008,04:31:47
-27.69014873,-51.12494346,6,23-10-2008,04:31:52
-27.69016882,-51.12496299,4,23-10-2008,04:31:57
-27.69019224,-51.12498128,4,23-10-2008,04:32:02
-27.69022392,-51.12500117,4,23-10-2008,04:32:07
-27.6902657,-51.12502232,4,23-10-2008,04:32:12
-27.69031219,-51.12504427,4,23-10-2008,04:32:17
-27.69036089,-51.12506516,4,23-10-2008,04:32:22
-27.69040958,-51.12508969,4,23-10-2008,04:32:27
-27.69045787,-51.12511272,4,23-10-2008,04:32:32
-27.69050899,-51.12513452,4,23-10-2008,04:32:37
-27.6905599,-51.12515478,4,23-10-2008,04:32:42
-27.69060994,-51.1251743,4,23-10-2008,04:32:47
-27.69066283,-51.12519556,4,23-10-2008,04:32:52
-27.69071915,-51.12522151,4,23-10-2008,04:32:57
-27.6907784,-51.12524627,4,23-10-2008,04:33:02
-27.69083646,-51.12526943,4,23-10-2008,04:33:07
-27.69088937,-51.12529374,4,23-10-2008,04:33:12
-27.6909382,-51.12531582,4,23-10-2008,04:33:15
-27.69098581,-51.12533691,4,23-10-2008,04:33:17
-27.69102914,-51.1253599,4,23-10-2008,04:33:22
-27.69107013,-51.12538204,4,23-10-2008,04:33:27
-27.69111178,-51.12540315,4,23-10-2008,04:33:32
-27.69115534,-51.12542401,4,23-10-2008,04:33:37
-27.69120206,-51.12544332,4,23-10-2008,04:33:42
-27.69125133,-51.125466,4,23-10-2008,04:33:45
-27.69130421,-51.12548589,4,23-10-2008,04:33:47
-27.69136029,-51.12550436,4,23-10-2008,04:33:52
-27.69141457,-51.12552412,4,23-10-2008,04:33:57
-27.69146287,-51.12554293,4,23-10-2008,04:34:02
-27.69150324,-51.12555972,4,23-10-2008,04:34:07
-27.69153082,-51.12557018,4,23-10-2008,04:34:12
-27.69154769,-51.12557703,4,23-10-2008,04:34:17
-27.69156203,-51.12558356,4,23-10-2008,04:34:22
-27.69157551,-51.12558938,4,23-10-2008,04:34:27
-27.69159126,-51.12559525,4,23-10-2008,04:34:32
-27.69161211,-51.12560107,4,23-10-2008,04:34:37
-27.69163771,-51.12560792,4,23-10-2008,04:34:42
-27.69166829,-51.12561775,4,23-10-2008,04:34:47
-27.69170314,-51.12562868,4,23-10-2008,04:34:52
-27.69174188,-51.12564263,4,23-10-2008,09:42:25
-27.69178794,-51.12566404,4,23-10-2008,09:42:30
-27.6918386,-51.12569073,4,23-10-2008,09:42:35
-27.6918907,-51.12571862,4,23-10-2008,09:42:40
-27.69194079,-51.12574583,4,23-10-2008,09:42:45
-27.69199065,-51.12576715,4,23-10-2008,09:42:50
-27.69204096,-51.12578726,4,23-10-2008,09:42:55
-27.69209249,-51.12580802,4,23-10-2008,09:43:00
-27.69214557,-51.1258288,4,23-10-2008,09:43:05
-27.69219929,-51.12585005,4,23-10-2008,09:43:10
-27.69225111,-51.12587319,4,23-10-2008,09:43:15
-27.69230412,-51.12589759,4,23-10-2008,09:43:20
-27.69233402,-51.12591624,4,23-10-2008,09:43:25
-27.69235445,-51.12592973,4,23-10-2008,09:43:30
-27.6923709,-51.12594326,4,23-10-2008,09:43:35
-27.69238144,-51.12595783,4,23-10-2008,09:43:40
-27.69238851,-51.12597393,4,23-10-2008,09:43:45
-27.69239026,-51.12599403,4,23-10-2008,09:43:50
-27.69238688,-51.12602389,4,23-10-2008,09:43:55
-27.69237642,-51.12606342,4,23-10-2008,09:44:00
-27.69236129,-51.1261096,4,23-10-2008,09:44:05
-27.6923442,-51.12615649,4,23-10-2008,09:44:10
-27.69232384,-51.12620584,4,23-10-2008,09:44:15
-27.6923045,-51.12626424,4,23-10-2008,09:44:20
-27.69228377,-51.12632721,4,23-10-2008,09:44:25
-27.69226177,-51.12639576,4,23-10-2008,09:44:30
-27.69223965,-51.12646811,4,23-10-2008,09:44:35
-27.69221668,-51.1265458,4,23-10-2008,09:44:40
-27.69219911,-51.12662082,4,23-10-2008,09:44:45
-27.69217778,-51.12669534,4,23-10-2008,09:44:50
-27.69215407,-51.12676645,4,23-10-2008,09:44:55
-27.69213168,-51.12683693,4,23-10-2008,09:45:00
-27.69211021,-51.1269042,4,23-10-2008,09:45:05
-27.6920856,-51.12696208,4,23-10-2008,09:45:10
-27.6920661,-51.1270076,4,23-10-2008,09:45:15
-27.69205116,-51.12704539,4,23-10-2008,09:45:20
-27.69203897,-51.12708293,4,23-10-2008,09:45:25
-27.69202575,-51.12712525,4,23-10-2008,09:45:30
-27.69200977,-51.1271773,4,23-10-2008,09:45:35
-27.69199223,-51.12723743,4,23-10-2008,09:45:40
-27.69197281,-51.12730188,4,23-10-2008,09:45:45
-27.69195191,-51.12737022,4,23-10-2008,09:45:48
-27.69192949,-51.12744022,4,23-10-2008,09:45:50
-27.6919095,-51.127507,4,23-10-2008,09:45:55
-27.69188983,-51.12757134,4,23-10-2008,09:49:20
-27.6918704,-51.12763674,4,23-10-2008,09:49:40
-27.69184999,-51.12770174,4,23-10-2008,09:49:45
-27.69182944,-51.12776745,4,23-10-2008,09:49:50
-27.69180929,-51.12783394,4,23-10-2008,09:49:55
-27.69178726,-51.12790485,4,23-10-2008,09:50:00
-27.69176456,-51.12797531,4,23-10-2008,09:50:05
-27.6917459,-51.12804385,4,23-10-2008,09:50:10
-27.69172586,-51.12811215,4,23-10-2008,09:50:13
-27.69170518,-51.12817486,4,23-10-2008,09:50:15
-27.69168606,-51.12822996,4,23-10-2008,09:50:20
-27.69167017,-51.12827004,4,23-10-2008,09:50:25
-27.69165933,-51.12829936,4,23-10-2008,09:50:30
-27.69165007,-51.12832237,4,23-10-2008,09:50:35
-27.69164737,-51.12833116,4,23-10-2008,09:50:40
-27.69164655,-51.12833553,4,23-10-2008,09:50:45
-27.69164099,-51.12834672,4,23-10-2008,09:50:50
-27.69163285,-51.12836541,4,23-10-2008,09:50:55
-27.69161934,-51.12838459,4,23-10-2008,09:50:58
-27.69160202,-51.12840518,4,23-10-2008,09:51:00
-27.69157872,-51.12842093,4,23-10-2008,09:51:05
-27.69154875,-51.12843705,4,23-10-2008,09:51:10
-27.69151742,-51.12845358,4,23-10-2008,09:51:15
-27.69148067,-51.12846474,4,23-10-2008,09:51:20
-27.69144562,-51.1284755,4,23-10-2008,09:51:25
-27.69141025,-51.12848623,4,23-10-2008,09:51:30
-27.69137052,-51.12850352,4,23-10-2008,09:51:35
-27.69132727,-51.12852335,4,23-10-2008,09:51:40
-27.69127963,-51.1285426,4,23-10-2008,09:51:45
-27.69122749,-51.1285635,4,23-10-2008,09:51:50
-27.69117295,-51.1285847,4,23-10-2008,09:51:55
-27.69111437,-51.12860736,4,23-10-2008,09:52:00
-27.69105693,-51.1286333,4,23-10-2008,09:52:05
-27.69099726,-51.12865831,4,23-10-2008,09:52:08
-27.69093965,-51.12868289,4,23-10-2008,09:52:10
-27.69088065,-51.12870566,4,23-10-2008,09:52:15
-27.69082643,-51.12872973,4,23-10-2008,09:52:20
-27.69077537,-51.12874959,4,23-10-2008,09:52:23
-27.69072872,-51.12876797,4,23-10-2008,09:52:25
-27.69068487,-51.12878505,4,23-10-2008,09:52:30
-27.69064262,-51.12880114,4,23-10-2008,09:52:35
-27.69060187,-51.12881742,4,23-10-2008,09:52:40
-27.69056094,-51.12883675,4,23-10-2008,09:52:43
-27.6905239,-51.12885155,4,23-10-2008,09:52:45
-27.69049698,-51.12886225,4,23-10-2008,09:52:50
-27.69047783,-51.12886955,4,23-10-2008,09:52:51
-27.69045926,-51.12887595,4,23-10-2008,09:52:56
-27.69043548,-51.12888433,4,23-10-2008,09:53:01
-27.69039938,-51.12889711,4,23-10-2008,09:53:06
-27.69036336,-51.12891144,4,23-10-2008,09:53:11
-27.6903245,-51.12892704,4,23-10-2008,09:53:16
-27.69028043,-51.12894587,4,23-10-2008,09:53:21
-27.69023082,-51.12896707,4,23-10-2008,09:53:26
-27.69017478,-51.12899031,4,23-10-2008,09:53:31
-27.69011438,-51.12901469,4,23-10-2008,09:53:34
-27.69005253,-51.12903848,4,23-10-2008,09:53:36
-27.6899905,-51.12906218,4,23-10-2008,09:53:41
-27.68993032,-51.12908533,4,23-10-2008,09:53:46
-27.68987045,-51.12910865,4,23-10-2008,09:53:51
-27.6898122,-51.12913199,4,23-10-2008,09:53:54
-27.68975611,-51.12915388,4,23-10-2008,09:53:56
-27.68970025,-51.12917426,4,23-10-2008,09:54:01
-27.68964489,-51.12919519,4,23-10-2008,09:54:06
-27.68958943,-51.1292161,4,23-10-2008,09:54:11
-27.68953551,-51.12923584,4,23-10-2008,09:54:14
-27.68948163,-51.12925471,4,23-10-2008,09:54:16
-27.68943249,-51.12927597,4,23-10-2008,09:54:21
-27.68938598,-51.12929811,4,23-10-2008,09:54:26
-27.68934246,-51.1293188,4,23-10-2008,09:54:31
-27.68930017,-51.1293361,4,23-10-2008,09:54:36
-27.68926307,-51.12935308,4,23-10-2008,09:54:41
-27.68923109,-51.12936521,4,23-10-2008,09:54:46
-27.68919866,-51.12937801,4,23-10-2008,09:54:51
-27.6891691,-51.12938956,4,23-10-2008,09:54:56
-27.68914695,-51.12939855,4,23-10-2008,09:55:01
-27.68912504,-51.12940901,4,23-10-2008,09:55:06
-27.68909374,-51.12942254,4,23-10-2008,09:55:11
-27.68905972,-51.12943732,4,23-10-2008,09:55:16
-27.68902535,-51.12945398,4,23-10-2008,09:55:21
-27.68898643,-51.12947198,4,23-10-2008,09:55:26
-27.6889409,-51.12949229,4,23-10-2008,09:55:31
-27.68889478,-51.1295117,4,23-10-2008,09:55:36
-27.68884321,-51.12953254,4,23-10-2008,09:55:41
-27.68878564,-51.12955658,4,23-10-2008,09:55:46
-27.68872262,-51.12958021,4,23-10-2008,09:55:51
-27.68866251,-51.12959826,4,23-10-2008,09:55:56
-27.68861463,-51.12961825,4,23-10-2008,09:56:01
-27.68856694,-51.12963218,4,23-10-2008,09:56:06
-27.68852366,-51.12964699,4,23-10-2008,09:56:11
-27.68848288,-51.12966718,4,23-10-2008,09:56:16
-27.68843816,-51.12969057,4,23-10-2008,09:56:21
-27.68838991,-51.12971561,4,23-10-2008,09:56:26
-27.68833771,-51.12973967,4,23-10-2008,10:02:04
-27.68828535,-51.12976234,4,23-10-2008,10:02:09
-27.68823433,-51.12978174,4,23-10-2008,10:02:14
-27.6881813,-51.12980036,4,23-10-2008,10:02:19
-27.68813044,-51.12981837,4,23-10-2008,10:02:24
-27.68808061,-51.1298381,4,23-10-2008,10:02:29
-27.68802578,-51.12986151,4,23-10-2008,10:03:39
-27.68797211,-51.12988351,4,23-10-2008,10:03:44
-27.6879172,-51.12990874,4,23-10-2008,10:03:49
-27.68785842,-51.12993612,4,23-10-2008,10:03:54
-27.68779461,-51.12996568,4,23-10-2008,10:03:59
-27.68773086,-51.12999247,4,23-10-2008,10:04:04
-27.68766213,-51.13001905,4,23-10-2008,10:04:09
-27.68759536,-51.130046,4,23-10-2008,10:04:14
-27.68752963,-51.13007489,4,23-10-2008,10:04:19
-27.687467,-51.13010294,4,23-10-2008,10:04:24
-27.68740535,-51.13012909,4,23-10-2008,10:04:29
-27.68734982,-51.130152,4,23-10-2008,10:04:34
-27.68729613,-51.13017344,4,23-10-2008,10:04:39
-27.68724576,-51.13019377,4,23-10-2008,10:04:44
-27.68720088,-51.13021271,4,23-10-2008,10:04:49
-27.6871639,-51.13022769,4,23-10-2008,10:04:54
-27.68713443,-51.13023913,4,23-10-2008,10:04:59
-27.68711555,-51.13024771,4,23-10-2008,10:05:04
-27.68709972,-51.13025292,4,23-10-2008,10:05:09
-27.68708373,-51.13025695,4,23-10-2008,10:05:14
-27.68705865,-51.13026554,4,23-10-2008,10:05:19
-27.68702855,-51.13027542,4,23-10-2008,10:05:24
-27.68699567,-51.13029116,4,23-10-2008,10:05:29
-27.68695794,-51.13030959,4,23-10-2008,10:05:34
-27.68691566,-51.13032995,4,23-10-2008,10:05:39
-27.6868718,-51.13035021,4,23-10-2008,10:05:44
-27.68682376,-51.13037097,4,23-10-2008,10:05:49
-27.68677336,-51.13038917,4,23-10-2008,10:05:54
-27.68672418,-51.1304067,4,23-10-2008,10:05:59
-27.68668,-51.13042386,4,23-10-2008,10:06:04
-27.68664034,-51.1304387,4,23-10-2008,10:06:09
-27.68660177,-51.13045203,4,23-10-2008,10:06:14
-27.68656322,-51.13046688,4,23-10-2008,10:06:19
-27.68652646,-51.13048403,4,23-10-2008,10:06:22
-27.68648919,-51.13050018,4,23-10-2008,10:06:24
-27.68645089,-51.13051493,4,23-10-2008,10:06:29
-27.68641353,-51.13053045,4,23-10-2008,10:06:34
-27.68637515,-51.13054657,4,23-10-2008,10:06:39
-27.6863382,-51.13056037,4,23-10-2008,10:06:44
-27.68630357,-51.1305729,4,23-10-2008,10:06:49
-27.68626947,-51.13058487,4,23-10-2008,10:06:52
-27.68623771,-51.1305978,4,23-10-2008,10:06:54
-27.68620629,-51.13061113,4,23-10-2008,10:06:59
-27.6861745,-51.13062178,4,23-10-2008,10:07:04
-27.6861446,-51.13063493,4,23-10-2008,10:07:09
-27.68611316,-51.1306484,4,23-10-2008,10:07:14
-27.68608306,-51.13065408,4,23-10-2008,10:07:19
-27.6860506,-51.130661,4,23-10-2008,10:07:21
-27.68601832,-51.13067044,4,23-10-2008,10:07:26
-27.68598558,-51.13067978,4,23-10-2008,10:07:31
-27.68595559,-51.13069462,4,23-10-2008,10:07:36
-27.68592356,-51.13070825,4,23-10-2008,10:07:41
-27.68589276,-51.13072024,4,23-10-2008,10:07:46
-27.68586224,-51.13073398,4,23-10-2008,10:07:51
-27.68583289,-51.13074495,4,23-10-2008,10:07:56
-27.68580904,-51.13075503,4,23-10-2008,10:08:01
-27.68579333,-51.13076191,4,23-10-2008,10:08:06
-27.68579774,-51.13076128,4,23-10-2008,10:08:09
-27.68580138,-51.13075821,4,23-10-2008,10:08:11
-27.68580196,-51.13075721,4,23-10-2008,10:08:16
-27.68580162,-51.13075602,4,23-10-2008,10:08:21
-27.68580105,-51.1307572,4,23-10-2008,10:08:26
-27.68579947,-51.13075632,4,23-10-2008,10:08:31
-27.68579425,-51.13075844,4,23-10-2008,10:08:36
-27.6857803,-51.1307678,4,23-10-2008,10:08:41
-27.68575854,-51.13079129,4,23-10-2008,10:08:44
-27.68574312,-51.13082429,4,23-10-2008,10:08:46
-27.68573368,-51.13086124,4,23-10-2008,10:08:51
-27.68575502,-51.130901,4,23-10-2008,10:08:56
-27.6857751,-51.13094531,4,23-10-2008,10:09:01
-27.68579477,-51.13099057,4,23-10-2008,10:09:06
-27.68581842,-51.13104296,4,23-10-2008,10:09:11
-27.68584604,-51.13109082,4,23-10-2008,10:09:16
-27.68588051,-51.13114696,4,23-10-2008,10:09:26
-27.68591776,-51.13120288,4,23-10-2008,10:09:31
-27.68595151,-51.13125825,4,23-10-2008,10:09:41
-27.68598418,-51.1313133,4,23-10-2008,10:09:46
-27.68601605,-51.13136593,4,23-10-2008,10:09:51
-27.68604778,-51.13141806,4,23-10-2008,10:09:56
-27.6860802,-51.13146817,4,23-10-2008,10:10:01
-27.68611089,-51.13152091,4,23-10-2008,10:10:06
-27.68613925,-51.13157671,4,23-10-2008,10:10:31
-27.68616894,-51.13163439,4,23-10-2008,10:10:34
-27.68619896,-51.13168944,4,23-10-2008,10:10:36
-27.68623015,-51.13174549,4,23-10-2008,10:10:41
-27.6862623,-51.13179984,4,23-10-2008,10:10:46
-27.68629537,-51.13185392,4,23-10-2008,10:10:51
-27.68632636,-51.1319069,4,23-10-2008,10:10:56
-27.68635547,-51.13195955,4,23-10-2008,10:11:01
-27.68638541,-51.13201321,4,23-10-2008,10:11:06
-27.68641535,-51.13206617,4,23-10-2008,10:11:11
-27.6864458,-51.13212097,4,23-10-2008,10:11:16
-27.68647581,-51.13217653,4,23-10-2008,10:11:21
-27.68650561,-51.13223235,4,23-10-2008,10:11:26
-27.68653436,-51.13228805,4,23-10-2008,10:11:31
-27.68656187,-51.13234055,4,23-10-2008,10:11:36
-27.68658869,-51.13239352,4,23-10-2008,10:11:41
-27.6866152,-51.13244344,4,23-10-2008,10:11:46
-27.68664028,-51.1324946,4,23-10-2008,10:11:51
-27.68666375,-51.132545,4,23-10-2008,10:11:56
-27.6866876,-51.13259294,4,23-10-2008,10:12:01
-27.6867174,-51.13263767,4,23-10-2008,10:12:06
-27.68675782,-51.13267279,4,23-10-2008,10:12:11
-27.68680609,-51.13269037,4,23-10-2008,10:12:16
-27.68685726,-51.13269093,4,23-10-2008,10:12:21
-27.68690548,-51.13267453,4,23-10-2008,10:12:26
-27.68694914,-51.13264529,4,23-10-2008,10:12:31
-27.68699044,-51.13261117,4,23-10-2008,10:12:36
-27.68703244,-51.13257766,4,23-10-2008,10:12:41
-27.68707651,-51.13254609,4,23-10-2008,10:12:46
-27.68712406,-51.1325182,4,23-10-2008,10:12:51
-27.68717017,-51.13248911,4,23-10-2008,10:12:56
-27.6872109,-51.13245995,4,23-10-2008,10:13:01
-27.68724257,-51.13243666,4,23-10-2008,10:13:06
-27.6872657,-51.13242021,4,23-10-2008,10:13:11
-27.68728635,-51.1324046,4,23-10-2008,10:13:16
-27.6873073,-51.13238984,4,23-10-2008,10:13:21
-27.68733221,-51.13237386,4,23-10-2008,10:13:26
-27.68736204,-51.132357,4,23-10-2008,10:13:31
-27.68739418,-51.13233938,4,23-10-2008,10:13:36
-27.68742697,-51.13231873,4,23-10-2008,10:14:21
-27.68745993,-51.13229556,4,23-10-2008,10:14:26
-27.68749399,-51.13227296,4,23-10-2008,10:14:31
-27.68752907,-51.13225363,4,23-10-2008,10:14:36
-27.68756793,-51.1322443,4,23-10-2008,10:14:41
-27.6876088,-51.13224764,4,23-10-2008,10:14:46
-27.68764921,-51.1322576,4,23-10-2008,10:14:51
-27.68769241,-51.1322663,4,23-10-2008,10:15:06
-27.68773862,-51.13226189,4,23-10-2008,10:15:11
-27.687787,-51.1322453,4,23-10-2008,10:15:16
-27.68783785,-51.13222825,4,23-10-2008,10:15:21
-27.68788612,-51.13219877,4,23-10-2008,10:15:26
-27.68793625,-51.13216416,4,23-10-2008,10:15:31
-27.68798826,-51.13212758,4,23-10-2008,10:15:36
-27.68804144,-51.13208506,4,23-10-2008,10:15:41
-27.68809329,-51.1320401,4,23-10-2008,10:15:46
-27.68814054,-51.13199887,4,23-10-2008,10:15:51
-27.68818788,-51.13195645,4,23-10-2008,10:15:56
-27.68823935,-51.13190903,4,23-10-2008,10:16:01
-27.68829521,-51.13185468,4,23-10-2008,10:16:06
-27.68835115,-51.13179993,4,23-10-2008,10:18:11
-27.6884071,-51.13174344,4,23-10-2008,10:18:16
-27.68846024,-51.1316851,4,23-10-2008,10:18:21
-27.68851411,-51.13162728,4,23-10-2008,10:18:26
-27.68856653,-51.13157075,4,23-10-2008,10:18:31
-27.68861808,-51.1315171,4,23-10-2008,10:18:36
-27.68866647,-51.13146924,4,23-10-2008,10:18:41
-27.68870562,-51.13143852,4,23-10-2008,10:18:46
-27.68874019,-51.13141225,4,23-10-2008,10:18:51
-27.6887775,-51.13138411,4,23-10-2008,10:18:56
-27.68881587,-51.13134905,4,23-10-2008,10:19:01
-27.68885183,-51.13130547,4,23-10-2008,10:19:06
-27.68889126,-51.13125882,4,23-10-2008,10:19:11
-27.68893669,-51.13121252,4,23-10-2008,10:19:16
-27.68898049,-51.13117318,4,23-10-2008,10:19:21
-27.68902093,-51.13114002,4,23-10-2008,10:19:26
-27.68906326,-51.13110815,4,23-10-2008,10:19:31
-27.68910825,-51.13107479,4,23-10-2008,10:19:36
-27.68915723,-51.13103866,4,23-10-2008,10:19:41
-27.68920792,-51.13099928,4,23-10-2008,10:19:46
-27.68926089,-51.13095805,4,23-10-2008,10:19:51
-27.68931898,-51.13091171,4,23-10-2008,10:19:56
-27.68937347,-51.13086428,4,23-10-2008,10:20:01
-27.68942774,-51.13081881,4,23-10-2008,10:20:06
-27.68948167,-51.1307767,4,23-10-2008,10:20:11
-27.68953168,-51.13073851,4,23-10-2008,10:20:16
-27.68957748,-51.13069707,4,23-10-2008,10:20:21
-27.68961872,-51.13065474,4,23-10-2008,10:20:26
-27.68965961,-51.13061224,4,23-10-2008,10:20:31
-27.68970039,-51.13057195,4,23-10-2008,10:20:36
-27.68974174,-51.13053572,4,23-10-2008,10:20:41
-27.68978091,-51.13050221,4,23-10-2008,10:20:44
-27.68981755,-51.13047239,4,23-10-2008,10:20:46
-27.68984538,-51.13045085,4,23-10-2008,10:20:56
-27.68986879,-51.13043642,4,23-10-2008,10:21:01
-27.68988546,-51.13042616,4,23-10-2008,10:21:04
-27.68990598,-51.13041482,4,23-10-2008,10:21:06
-27.68993661,-51.13039941,4,23-10-2008,10:21:16
-27.6899724,-51.13038182,4,23-10-2008,10:26:35
-27.69001323,-51.13036175,4,23-10-2008,10:26:43
-27.69006021,-51.13033847,4,23-10-2008,10:26:45
-27.69011068,-51.13031402,4,23-10-2008,10:26:50
-27.6901618,-51.13028741,4,23-10-2008,10:26:55
-27.69021378,-51.13025406,4,23-10-2008,10:27:00
-27.69027038,-51.13021901,4,23-10-2008,10:27:05
-27.69033211,-51.13018579,4,23-10-2008,10:27:10
-27.69039362,-51.13015406,4,23-10-2008,10:27:15
-27.6904537,-51.13012212,4,23-10-2008,10:27:20
-27.69051249,-51.13008968,4,23-10-2008,10:27:25
-27.69057094,-51.13005746,4,23-10-2008,10:27:30
-27.69063254,-51.13002397,4,23-10-2008,10:27:35
-27.6906961,-51.1299892,4,23-10-2008,10:27:40
-27.69075976,-51.12995646,4,23-10-2008,10:27:45
-27.69082,-51.12992699,4,23-10-2008,10:27:50
-27.69087406,-51.12989838,4,23-10-2008,10:27:55
-27.69091864,-51.12987243,4,23-10-2008,10:28:00
-27.69095181,-51.12983944,4,23-10-2008,10:28:05
-27.69097118,-51.12979677,4,23-10-2008,10:28:10
-27.69097731,-51.12974484,4,23-10-2008,10:28:15
-27.69096602,-51.12968823,4,23-10-2008,10:28:20
-27.69094541,-51.12962975,4,23-10-2008,10:28:25
-27.69092258,-51.1295648,4,23-10-2008,10:28:30
-27.69089769,-51.12949409,4,23-10-2008,10:28:35
-27.690873,-51.12941847,4,23-10-2008,10:28:45
-27.69085097,-51.12934229,4,23-10-2008,10:28:48
-27.69082671,-51.12927005,4,23-10-2008,10:28:50
-27.6908026,-51.1291988,4,23-10-2008,10:28:55
-27.69077893,-51.12912842,4,23-10-2008,10:29:00
-27.69075619,-51.12906345,4,23-10-2008,10:29:05
-27.69073637,-51.12900502,4,23-10-2008,10:29:10
-27.69071936,-51.12895278,4,23-10-2008,10:29:15
-27.69070494,-51.1289058,4,23-10-2008,10:29:20
-27.69069542,-51.12887641,4,23-10-2008,10:29:25
-27.69069026,-51.12885865,4,23-10-2008,10:29:30
-27.69068523,-51.1288457,4,23-10-2008,10:29:35
-27.69068043,-51.12882895,4,23-10-2008,10:29:40
-27.69067137,-51.12880552,4,23-10-2008,10:29:45
-27.69066093,-51.12877545,4,23-10-2008,10:29:50
-27.69064867,-51.12874215,4,23-10-2008,10:29:55
-27.69063486,-51.12870669,4,23-10-2008,10:30:00
-27.69062029,-51.12866854,4,23-10-2008,10:30:05
-27.69060465,-51.12862259,4,23-10-2008,10:30:10
-27.69059018,-51.12857118,4,23-10-2008,10:30:15
-27.69057495,-51.12851561,4,23-10-2008,10:30:20
-27.69055979,-51.12846547,4,23-10-2008,10:30:25
-27.69054206,-51.12841589,4,23-10-2008,10:30:30
-27.69041461,-51.12804551,4,23-10-2008,10:30:35
-27.69039197,-51.12797863,4,23-10-2008,10:30:40
-27.69036806,-51.12791556,4,23-10-2008,10:30:45
-27.69034598,-51.12785926,4,23-10-2008,10:30:50
-27.69032649,-51.12780234,4,23-10-2008,10:30:55
-27.69030919,-51.12774537,4,23-10-2008,10:31:00
-27.69029254,-51.12768586,4,23-10-2008,10:31:05
-27.6902743,-51.12762275,4,23-10-2008,10:31:10
-27.69025626,-51.12756024,4,23-10-2008,10:31:15
-27.69023984,-51.1275023,4,23-10-2008,10:31:20
-27.69022534,-51.12745085,4,23-10-2008,10:31:25
-27.69021026,-51.12740335,4,23-10-2008,10:31:30
-27.69019141,-51.12736397,4,23-10-2008,10:31:35
-27.69016763,-51.1273347,4,23-10-2008,10:31:40
-27.69013586,-51.12731813,4,23-10-2008,10:31:45
-27.69010097,-51.12730308,4,23-10-2008,10:31:50
-27.69006147,-51.127328,4,23-10-2008,10:31:55
-27.69002841,-51.12736931,4,23-10-2008,10:32:00
-27.68999703,-51.12741545,4,23-10-2008,10:32:05
-27.68996337,-51.12746286,4,23-10-2008,10:32:10
-27.68992523,-51.12750966,4,23-10-2008,10:32:15
-27.68988533,-51.12755785,4,23-10-2008,10:32:20
-27.68984112,-51.12760944,4,23-10-2008,10:32:25
-27.68979037,-51.12765164,4,23-10-2008,10:32:30
-27.68973911,-51.12768927,4,23-10-2008,10:32:35
-27.68968475,-51.12771922,4,23-10-2008,10:32:40
-27.68962953,-51.12774803,4,23-10-2008,10:32:45
-27.68956883,-51.12777478,4,23-10-2008,10:32:50
-27.68950699,-51.12780397,4,23-10-2008,10:32:55
-27.68944905,-51.12783184,4,23-10-2008,10:33:00
-27.68939407,-51.12785426,4,23-10-2008,10:33:05
-27.68934065,-51.127877,4,23-10-2008,10:33:08
-27.6892974,-51.12789277,4,23-10-2008,10:33:10
-27.68926828,-51.12790499,4,23-10-2008,10:33:15
-27.68924887,-51.12791365,4,23-10-2008,10:33:20
-27.68922979,-51.12792368,4,23-10-2008,10:44:31
-27.68920331,-51.12793495,4,23-10-2008,10:44:36
-27.68916709,-51.12795066,4,23-10-2008,10:44:41
-27.68912666,-51.12796637,4,23-10-2008,10:44:46
-27.68908253,-51.1279852,4,23-10-2008,10:44:51
-27.68903198,-51.12800615,4,23-10-2008,10:44:56
-27.68897653,-51.12803022,4,23-10-2008,10:45:01
-27.68891752,-51.12805862,4,23-10-2008,10:45:06
-27.68885795,-51.12808834,4,23-10-2008,10:45:11
-27.68879731,-51.12811989,4,23-10-2008,10:45:16
-27.68873547,-51.12815263,4,23-10-2008,10:45:21
-27.68867543,-51.12818989,4,23-10-2008,10:45:26
-27.68862078,-51.12822967,4,23-10-2008,10:45:31
-27.68856445,-51.12826294,4,23-10-2008,10:45:36
-27.68850463,-51.12829426,4,23-10-2008,10:45:41
-27.68844228,-51.12832803,4,23-10-2008,10:45:46
-27.68837868,-51.12836125,4,23-10-2008,10:45:51
-27.68831482,-51.12839427,4,23-10-2008,10:45:56
-27.68825157,-51.12842875,4,23-10-2008,10:45:59
-27.68818906,-51.12846561,4,23-10-2008,10:46:01
-27.6881288,-51.12850415,4,23-10-2008,10:46:06
-27.68806865,-51.12854275,4,23-10-2008,10:46:11
-27.68800798,-51.12858087,4,23-10-2008,11:08:22
-27.68794846,-51.12862329,4,23-10-2008,11:09:22
-27.68788854,-51.12866335,4,23-10-2008,11:09:27
-27.68782605,-51.12870189,4,23-10-2008,11:10:27
-27.68776363,-51.12873878,4,23-10-2008,11:10:32
-27.68770345,-51.12877323,4,23-10-2008,11:10:37
-27.68764806,-51.12880248,4,23-10-2008,11:10:42
-27.68759343,-51.12883068,4,23-10-2008,11:10:47
-27.68753996,-51.1288657,4,23-10-2008,11:10:52
-27.68748802,-51.12890201,4,23-10-2008,11:10:57
-27.68743423,-51.12893825,4,23-10-2008,11:11:02
-27.68737892,-51.12897335,4,23-10-2008,11:11:07
-27.68732341,-51.12901127,4,23-10-2008,11:11:12
-27.68726871,-51.12904656,4,,
-27.68721729,-51.12907999,4,,
-27.68717198,-51.12911067,4,,
-27.68713266,-51.12913419,4,,
-27.6871031,-51.12915259,4,,
-27.68707605,-51.12917093,4,,
-27.68704685,-51.12919261,4,,
-27.687011,-51.12921822,4,,
-27.6869713,-51.12925065,4,,
-27.68692774,-51.12927746,4,,
-27.6868762,-51.12929982,4,,
-27.686824,-51.12931958,4,,
-27.68677156,-51.12934458,4,,
-27.68671668,-51.12937741,4,,
-27.68666282,-51.12941089,4,,
-27.68660704,-51.12944195,4,,
-27.68655025,-51.12947247,4,,
-27.68649245,-51.12950339,4,,
-27.68643381,-51.12953412,4,,
-27.68637501,-51.12956194,4,,
-27.68631287,-51.12958443,4,,
-27.68624813,-51.12960499,4,,
-27.68618352,-51.12962298,4,,
-27.68611757,-51.12964057,4,,
-27.68605216,-51.12965898,4,,
-27.68598657,-51.12967709,4,,
-27.68592201,-51.12969395,4,,
-27.68586121,-51.12971096,4,,
-27.68580288,-51.1297263,4,,
-27.68574645,-51.12974245,4,,
-27.68569383,-51.12975303,4,,
-27.68564636,-51.12975671,4,,
-27.68560844,-51.12975906,4,,
-27.68557613,-51.12976368,4,,
-27.68555878,-51.12976896,4,,
-27.68555095,-51.12977024,4,,
-27.6855445,-51.12977181,4,,
-27.68553521,-51.12977504,4,,
-27.68551754,-51.12978113,4,,
-27.68549418,-51.12978893,4,,
-27.68546514,-51.12980017,4,,
-27.68543362,-51.12981436,4,,
-27.6854058,-51.12982419,4,,
-27.68537482,-51.12983234,4,,
-27.68534188,-51.12984526,4,,
-27.68530554,-51.12986386,4,,
-27.68526366,-51.12988448,4,,
-27.68521702,-51.12990502,4,,
-27.68517253,-51.12991812,4,,
-27.68513113,-51.12992896,4,,
-27.68510071,-51.12993972,4,,
-27.68507433,-51.1299489,4,,
-27.68504483,-51.12996133,4,,
-27.68501377,-51.12997341,4,,
-27.6849781,-51.12998512,4,,
-27.68493739,-51.13000007,4,,
-27.68489137,-51.13001711,4,,
-27.68483948,-51.13003512,4,,
-27.68478091,-51.13004876,4,,
-27.68472007,-51.13006173,4,,
-27.68465836,-51.13008295,4,,
-27.6845954,-51.13010703,4,,
-27.68453167,-51.13013087,4,,
-27.68446874,-51.13015248,4,,
-27.68440625,-51.13017395,4,,
-27.6843447,-51.13019603,4,,
-27.68428449,-51.13021868,4,,
-27.68422336,-51.13024153,4,,
-27.68416074,-51.13026615,4,,
-27.68409666,-51.13029174,4,,
-27.68403288,-51.13031738,4,,
-27.68396773,-51.13034289,4,,
-27.68390221,-51.13036785,4,,
-27.68383611,-51.13039328,4,,
-27.68377207,-51.13041779,4,,
-27.6837154,-51.13043898,4,,
-27.68366832,-51.1304557,4,,
-27.68363006,-51.1304679,4,,
-27.68360123,-51.13047238,4,,
-27.68357326,-51.13046672,4,,
-27.68354472,-51.13044722,4,,
-27.6835214,-51.13041574,4,,
-27.68350586,-51.13037247,4,,
-27.68349348,-51.13032504,4,,
-27.68348245,-51.13028139,4,,
-27.68346762,-51.13023446,4,,
-27.68344853,-51.13018316,4,,
-27.68342997,-51.13013026,4,,
-27.68341437,-51.13007238,4,,
-27.68339929,-51.13000728,4,,
-27.68338277,-51.12994101,4,,
-27.68336696,-51.12987659,4,,
-27.68335048,-51.12981881,4,,
-27.68333393,-51.12976694,4,,
-27.68332092,-51.12972351,4,,
-27.68331273,-51.12969089,4,,
-27.68330612,-51.12965745,4,,
-27.68329819,-51.1296213,4,,
-27.68328788,-51.12958161,4,,
-27.68327427,-51.1295362,4,,
-27.68325998,-51.12948313,4,,
-27.68323797,-51.12942213,4,,
-27.68321415,-51.12935481,4,,
-27.68318942,-51.12928588,4,,
-27.68316274,-51.12921516,4,,
-27.68313483,-51.12914201,4,,
-27.68310403,-51.12906531,4,,
-27.68307244,-51.12898347,4,,
-27.68304126,-51.12889989,4,,
-27.68300787,-51.12882506,4,,
-27.6829722,-51.12874904,4,,
-27.68293543,-51.12867144,4,,
-27.68289744,-51.12859236,4,,
-27.68285731,-51.12851278,4,,
-27.68281324,-51.12843933,4,,
-27.68276294,-51.12836745,4,,
-27.68270815,-51.12829935,4,,
-27.68264819,-51.12823328,4,,
-27.68258361,-51.1281706,4,,
-27.68251594,-51.12811028,4,,
-27.68245258,-51.12804881,4,,
-27.68239591,-51.12798589,4,,
-27.68234423,-51.12791878,4,,
-27.6822962,-51.12785071,4,,
-27.68225076,-51.12778336,4,,
-27.68220643,-51.12771474,4,,
-27.68216641,-51.12764139,4,,
-27.68212974,-51.12756438,4,,
-27.68209291,-51.12748602,4,,
-27.68205523,-51.12740796,4,,
-27.68201341,-51.12733175,4,,
-27.68197006,-51.127258,4,,
-27.68193108,-51.12718727,4,,
-27.68189586,-51.12712027,4,,
-27.68186642,-51.12705825,4,,
-27.68184139,-51.12700262,4,,
-27.68182623,-51.12695554,4,,
-27.68182014,-51.12691594,4,,
-27.68182158,-51.12687843,4,,
-27.68183108,-51.12684513,4,,
-27.68184888,-51.12681588,4,,
-27.68187391,-51.12679248,4,,
-27.68190271,-51.12676861,4,,
-27.68193599,-51.126748,4,,
-27.68196648,-51.12672881,4,,
-27.68199699,-51.12670758,4,,
-27.68203027,-51.12668555,4,,
-27.6820638,-51.12666222,4,,
-27.68209943,-51.12663532,4,,
-27.68213698,-51.12660811,4,,
-27.68217546,-51.12658205,4,,
-27.68221762,-51.12655528,4,,
-27.68225942,-51.12653041,4,,
-27.68230322,-51.12650669,4,,
-27.68234702,-51.12648321,4,,
-27.68239069,-51.12646143,4,,
-27.68243502,-51.12643863,4,,
-27.68248082,-51.12641532,4,,
-27.68252829,-51.12639047,4,,
-27.68257758,-51.1263636,4,,
-27.68262623,-51.12633689,4,,
-27.68267599,-51.12630905,4,,
-27.68272673,-51.12627997,4,,
-27.68277726,-51.12625003,4,,
-27.68282677,-51.12622015,4,,
-27.68287574,-51.12619028,4,,
-27.68292518,-51.12615999,4,,
-27.68297698,-51.12612905,4,,
-27.68302826,-51.12609694,4,,
-27.68307782,-51.12606223,4,,
-27.68312679,-51.12602378,4,,
-27.68317379,-51.12598335,4,,
-27.68321846,-51.12594233,4,,
-27.68326221,-51.12590079,4,,
-27.68330532,-51.12585836,4,,
-27.68334848,-51.12581403,4,,
-27.68339187,-51.12576868,4,,
-27.68343449,-51.12572202,4,,
-27.68347683,-51.12567667,4,,
-27.68352074,-51.12563423,4,,
-27.68356578,-51.12559725,4,,
-27.68361029,-51.12556542,4,,
-27.68365504,-51.12554082,4,,
-27.68369685,-51.12551858,4,,
-27.68373746,-51.12549615,4,,
-27.68377114,-51.12547152,4,,
-27.68380574,-51.12544479,4,,
-27.68384236,-51.12541411,4,,
-27.68388,-51.12538356,4,,
-27.68391826,-51.12535241,4,,
-27.68395657,-51.1253226,4,,
-27.6839974,-51.12529827,4,,
-27.68403831,-51.12527743,4,,
-27.684073,-51.12526108,4,,
-27.68410514,-51.12524325,4,,
-27.68413788,-51.12522243,4,,
-27.68417197,-51.12520058,4,,
-27.68420565,-51.12517684,4,,
-27.68423605,-51.1251539,4,,
-27.68427321,-51.12512572,4,,
-27.68430952,-51.12509731,4,,
-27.68434656,-51.12507207,4,,
-27.68437912,-51.12504974,4,,
-27.68441118,-51.12502559,4,,
-27.6844458,-51.12499835,4,,
-27.6844815,-51.12496743,4,,
-27.68451737,-51.12493374,4,,
-27.68455181,-51.12489726,4,,
-27.68458869,-51.12485864,4,,
-27.68462456,-51.1248182,4,,
-27.68466174,-51.1247776,4,,
-27.6846997,-51.12473438,4,,
-27.68474145,-51.12468806,4,,
-27.68478339,-51.12464088,4,,
-27.68482498,-51.1245955,4,,
-27.68486526,-51.12455075,4,,
-27.68489944,-51.12451221,4,,
-27.68492693,-51.12448093,4,,
-27.68495007,-51.12445582,4,,
-27.68496434,-51.12444112,4,,
-27.68497259,-51.12443341,4,,
-27.68497717,-51.12442896,4,,
-27.68497935,-51.12442664,4,,
-27.68498617,-51.12441982,4,,
-27.68499901,-51.12440574,4,,
-27.68501601,-51.12438779,4,,
-27.68503494,-51.12437114,4,,
-27.68505808,-51.12436187,4,,
-27.68508343,-51.12436449,4,,
-27.68510627,-51.12437291,4,,
-27.68512673,-51.12438802,4,,
-27.68514883,-51.12440931,4,,
-27.68517655,-51.1244377,4,,
-27.68520623,-51.1244701,4,,
-27.68523925,-51.12450788,4,,
-27.68527685,-51.12455177,4,,
-27.68531697,-51.1245985,4,,
-27.6853588,-51.12464619,4,,
-27.68539612,-51.12469145,4,,
-27.68542563,-51.1247257,4,,
-27.68545059,-51.1247558,4,,
-27.68547686,-51.12478759,4,,
-27.68550749,-51.1248257,4,,
-27.68554313,-51.12487032,4,,
-27.68558422,-51.12492193,4,,
-27.68563059,-51.12497957,4,,
-27.68567801,-51.1250421,4,,
-27.68572238,-51.12510216,4,,
-27.68575981,-51.12515421,4,,
-27.685789,-51.12519575,4,,
-27.68580684,-51.12521949,4,,
-27.68581526,-51.12523031,4,,
-27.68582041,-51.12523767,4,,
-27.68582606,-51.1252453,4,,
-27.68583126,-51.12525269,4,,
-27.68584316,-51.12526728,4,,
-27.68586507,-51.12528479,4,,
-27.68590122,-51.12529844,4,,
-27.68594328,-51.12530001,4,,
-27.68598733,-51.12529169,4,,
-27.68603752,-51.12527495,4,,
-27.68609185,-51.12525293,4,,
-27.68615188,-51.12522818,4,,
-27.68621572,-51.12520409,4,,
-27.68628799,-51.1251783,4,,
-27.68636231,-51.12515061,4,,
-27.68643748,-51.12512504,4,,
-27.68650947,-51.12510044,4,,
-27.68658083,-51.12507608,4,,
-27.68664974,-51.12505076,4,,
-27.68671603,-51.1250249,4,,
-27.68678082,-51.12500033,4,,
-27.68684351,-51.12497899,4,,
-27.68690759,-51.12495449,4,,
-27.68697103,-51.1249285,4,,
-27.68703109,-51.12489381,4,,
-27.68708275,-51.12484648,4,,
-27.68712611,-51.12478758,4,,
-27.68715939,-51.12471625,4,,
-27.68718252,-51.12463504,4,,
-27.68719614,-51.12454725,4,,
-27.68720229,-51.12445521,4,,
-27.68720016,-51.12436211,4,,
-27.68719199,-51.12426262,4,,
-27.68717956,-51.12415877,4,,
-27.68716591,-51.12405297,4,,
-27.68715367,-51.12394915,4,,
-27.68714073,-51.12385069,4,,
-27.68712768,-51.1237577,4,,
-27.68711534,-51.12366783,4,,
-27.68710238,-51.12358094,4,,
-27.68708902,-51.12349467,4,,
-27.68707579,-51.12340715,4,,
-27.68706375,-51.12331752,4,,
-27.68705369,-51.12322613,4,,
-27.68704701,-51.12313303,4,,
-27.68704818,-51.12303935,4,,
-27.68706066,-51.12294568,4,,
-27.68707411,-51.12284949,4,,
-27.68710931,-51.12276016,4,,
-27.68715253,-51.12267625,4,,
-27.68720187,-51.12259913,4,,
-27.68725335,-51.12251886,4,,
-27.68730577,-51.12244169,4,,
-27.68735701,-51.12236571,4,,
-27.68740857,-51.12229196,4,,
-27.68746101,-51.12222174,4,,
-27.68751432,-51.12215061,4,,
-27.6875677,-51.12207758,4,,
-27.6876232,-51.12200329,4,,
-27.68767899,-51.12192506,4,,
-27.68773738,-51.12184422,4,,
-27.68779804,-51.1217606,4,,
-27.68785995,-51.12167535,4,,
-27.68792088,-51.12158779,4,,
-27.68798213,-51.1215032,4,,
-27.6880459,-51.12142014,4,,
-27.68810959,-51.12133631,4,,
-27.68817185,-51.12124907,4,,
-27.68823424,-51.12115507,4,,
-27.68829879,-51.12105682,4,,
-27.68836459,-51.120953,4,,
-27.68842543,-51.12084812,4,,
-27.68847986,-51.12074426,4,,
-27.68853156,-51.12063874,4,,
-27.6885802,-51.12053435,4,,
-27.6886231,-51.12043324,4,,
-27.68866002,-51.12033866,4,,
-27.68868935,-51.12025234,4,,
-27.68870927,-51.12018085,4,,
-27.68872274,-51.12012546,4,,
-27.68873422,-51.12008219,4,,
-27.68874675,-51.1200365,4,,
-27.68876427,-51.11998072,4,,
-27.68878489,-51.11991334,4,,
-27.68880859,-51.11983065,4,,
-27.68883237,-51.11973072,4,,
-27.68885389,-51.11961647,4,,
-27.68886938,-51.11950417,4,,
-27.68887975,-51.11938808,4,,
-27.68888665,-51.11926452,4,,
-27.68889211,-51.11913307,4,,
-27.68889539,-51.11899308,4,,
-27.68889854,-51.11884348,4,,
-27.68890125,-51.11868461,4,,
-27.68890259,-51.11851686,4,,
-27.68890348,-51.11834934,4,,
-27.68890385,-51.1181822,4,,
-27.68890444,-51.11801107,4,,
-27.68890619,-51.11783463,4,,
-27.68890906,-51.11765785,4,,
-27.68891016,-51.11747394,4,,
-27.68891177,-51.11728378,4,,
-27.68891134,-51.11709521,4,,
-27.68891433,-51.11691254,4,,
-27.68891828,-51.11673226,4,,
-27.688928,-51.11655354,4,,
-27.68894868,-51.11637229,4,,
-27.68898498,-51.11619616,4,,
-27.68903628,-51.11602161,4,,
-27.68909985,-51.11584762,4,,
-27.68917437,-51.11567844,4,,
-27.6892589,-51.11551377,4,,
-27.68935063,-51.11535133,4,,
-27.68944949,-51.11519218,4,,
-27.68955742,-51.1150389,4,,
-27.68966127,-51.11488258,6,,
-27.68975904,-51.11471718,6,,
-27.68986591,-51.11455235,4,,
-27.68997463,-51.11438779,4,,
-27.69007957,-51.11422661,6,,
-27.6901858,-51.11406425,6,,
-27.69028486,-51.11390852,4,,
-27.6903826,-51.11376041,4,,
-27.6904804,-51.1136105,4,,
-27.69057843,-51.11346104,4,,
-27.69068111,-51.11331099,4,,
-27.69078952,-51.11316418,4,,
-27.69090383,-51.11302517,4,,
-27.69102543,-51.11289632,4,,
-27.69115528,-51.11277638,4,,
-27.69129095,-51.11266624,4,,
-27.69143197,-51.11256842,4,,
-27.69157719,-51.11248179,4,,
-27.69172665,-51.11240599,4,,
-27.69188067,-51.11234101,4,,
-27.69203682,-51.11228426,4,,
-27.69219462,-51.11223205,4,,
-27.6923525,-51.11218154,4,,
-27.69251003,-51.11212996,4,,
-27.69266873,-51.11207876,4,,
-27.69282861,-51.11202721,4,,
-27.69298857,-51.11197494,4,,
-27.6931499,-51.11192287,4,,
-27.69331153,-51.1118714,4,,
-27.69347225,-51.11182075,4,,
-27.69363224,-51.11176929,4,,
-27.69379226,-51.11171707,4,,
-27.69395257,-51.11166412,4,,
-27.69411189,-51.11161357,4,,
-27.69427251,-51.11156787,4,,
-27.69443571,-51.11152436,4,,
-27.69460122,-51.11147982,4,,
-27.69476973,-51.11143125,4,,
-27.69494168,-51.11137847,4,,
-27.69511555,-51.11132108,4,,
-27.69529201,-51.11126126,4,,
-27.69546976,-51.11120111,4,,
-27.69564809,-51.11114201,4,,
-27.6958272,-51.11108691,4,,
-27.6960069,-51.11103998,4,,
-27.6961881,-51.11100547,4,,
-27.69636998,-51.11098449,4,,
-27.69655216,-51.11097796,4,,
-27.69673412,-51.11098472,4,,
-27.69691532,-51.111003,4,,
-27.69709519,-51.11103044,4,,
-27.6972745,-51.11106541,4,,
-27.69745233,-51.11110671,4,,
-27.69763051,-51.11115055,4,,
-27.69780938,-51.11119382,4,,
-27.69798867,-51.11123603,4,,
-27.6981677,-51.11127804,4,,
-27.69834663,-51.11131752,4,,
-27.69852605,-51.11135287,4,,
-27.69870708,-51.11137884,4,,
-27.69889001,-51.11139338,4,,
-27.69907481,-51.1113958,4,,
-27.69926159,-51.11138579,4,,
-27.69944899,-51.11136114,4,,
-27.69963713,-51.11132305,4,,
-27.69982423,-51.11127102,4,,
-27.70000755,-51.11120595,4,,
-27.70018703,-51.11112685,4,,
-27.70036368,-51.11103369,4,,
-27.70053627,-51.11092616,4,,
-27.70071504,-51.1108157,6,,
-27.70087543,-51.11067764,6,,
-27.70102708,-51.11052777,4,,
-27.70117557,-51.11037248,4,,
-27.70132192,-51.11021568,4,,
-27.70147483,-51.11006271,4,,
-27.70163247,-51.10991531,4,,
-27.70179809,-51.10978167,4,,
-27.70197078,-51.10966005,4,,
-27.70215278,-51.10955402,4,,
-27.70234114,-51.10946494,4,,
-27.70253705,-51.10939148,4,,
-27.70273716,-51.10933703,4,,
-27.70294084,-51.10929966,4,,
-27.70314738,-51.1092798,4,,
-27.70336187,-51.10926071,6,,
-27.70357259,-51.10927548,6,,
-27.7037817,-51.10930938,6,,
-27.70398871,-51.10935474,6,,
-27.7041957,-51.1093956,4,,
-27.70440376,-51.10942171,4,,
-27.7046096,-51.10942946,4,,
-27.70481517,-51.10941598,4,,
-27.70501885,-51.10937867,4,,
-27.70522012,-51.10932284,4,,
-27.7054211,-51.10926072,4,,
-27.70562259,-51.10919916,4,,
-27.70582547,-51.10913617,4,,
-27.70602948,-51.10907344,4,,
-27.70623313,-51.10900787,4,,
-27.70643453,-51.10894385,4,,
-27.70663498,-51.10888194,4,,
-27.70683302,-51.10882121,4,,
-27.70703016,-51.10876272,4,,
-27.70722522,-51.10870398,4,,
-27.70741833,-51.10864739,4,,
-27.70761139,-51.10859838,4,,
-27.70780511,-51.10856356,4,,
-27.70799718,-51.10854176,4,,
-27.70818793,-51.10852636,6,,
-27.7083762,-51.10851346,4,,
-27.7085629,-51.10850043,4,,
-27.70874818,-51.1084826,4,,
-27.70893129,-51.10845555,4,,
-27.70911854,-51.10843029,6,,
-27.70929518,-51.1083816,6,,
-27.70946975,-51.10832002,4,,
-27.70964005,-51.10824677,4,,
-27.70980833,-51.10816258,4,,
-27.7099724,-51.10806531,4,,
-27.71013017,-51.10795556,4,,
-27.71028456,-51.107835,4,,
-27.71043536,-51.10770131,4,,
-27.71058181,-51.1075558,4,,
-27.7107217,-51.10739906,4,,
-27.71085501,-51.10723551,4,,
-27.71098163,-51.10706366,4,,
-27.7111023,-51.10688671,4,,
-27.71122233,-51.10670849,4,,
-27.7113419,-51.10652951,4,,
-27.71146267,-51.10634909,4,,
-27.71158445,-51.10616808,4,,
-27.71170611,-51.10598509,4,,
-27.71182827,-51.10580154,4,,
-27.71195155,-51.10561576,4,,
-27.71207687,-51.10542981,4,,
-27.71220228,-51.10524288,4,,
-27.71232806,-51.10505494,4,,
-27.712455,-51.10486645,4,,
-27.71258109,-51.1046763,4,,
-27.71270852,-51.10448608,6,,
-27.71283657,-51.10429494,6,,
-27.71296491,-51.1041036,6,,
-27.71309228,-51.1039131,6,,
-27.71321871,-51.10372551,4,,
-27.71334481,-51.1035412,4,,
-27.71347127,-51.10336302,6,,
-27.7136042,-51.1031907,6,,
-27.71373945,-51.10302224,4,,
-27.71387758,-51.10285829,4,,
-27.71402028,-51.10269918,4,,
-27.71416858,-51.10254661,4,,
-27.71431949,-51.10239893,4,,
-27.71447513,-51.10225422,4,,
-27.71463355,-51.10211481,6,,
-27.71479392,-51.10197818,6,,
-27.71495347,-51.10183927,4,,
-27.7151111,-51.10169865,4,,
-27.71526996,-51.10155719,4,,
-27.71542869,-51.10141495,4,,
-27.7155878,-51.10127302,4,,
-27.71575012,-51.10112944,4,,
-27.7159122,-51.10098485,4,,
-27.71607132,-51.10084297,4,,
-27.71622624,-51.10069819,4,,
-27.71637762,-51.10055236,4,,
-27.71652464,-51.10040714,4,,
-27.71666487,-51.10026307,4,,
-27.71679855,-51.10012271,4,,
-27.71692433,-51.0999841,4,,
-27.717042,-51.09985191,4,,
-27.7171527,-51.09973029,4,,
-27.71725552,-51.09962103,4,,
-27.71735087,-51.09951988,4,,
-27.71743644,-51.09942685,4,,
-27.71751177,-51.09934389,4,,
-27.71757775,-51.09927054,4,,
-27.7176353,-51.09920493,4,,
-27.71768529,-51.0991497,4,,
-27.71772539,-51.09912275,6,,
-27.71775189,-51.09910938,6,,
-27.71776069,-51.09910057,6,,
-27.71776919,-51.09909093,6,,
-27.71777625,-51.09908465,4,,
-27.71777934,-51.09907675,4,,
-27.71778006,-51.09907154,4,,
-27.71778058,-51.09906831,4,,
-27.71777801,-51.09907038,4,,
-27.71777794,-51.0990686,4,,
-27.71777285,-51.09907175,6,,
-27.71777338,-51.09907795,6,,
-27.71777698,-51.09907281,6,,
-27.71777652,-51.0990698,6,,
